my ipm,word,Freq(ipm)
9625.333812724542,быть,12160.7
6707.817461733329,год,3727.5
5491.956931640094,который,4209.0
4083.973970155153,этот,5414.0
4018.103422249425,город,573.4
3762.855049114727,он,11791.1
3038.2790221517157,здесь,796.8
3016.322172849807,весь,3786.3
2914.771744828476,дворец,60.5
2840.6673784345317,один,529.5
2835.178166109054,самый,1007.4
2774.796830528803,время,2015.7
2714.4154949485524,здание,129.9
2675.9910086702107,музей,87.0
2651.289553205563,можно,1125.9
2643.055734717347,они,4850.0
2604.631248439005,вы,2906.4
2549.739125184232,свой,3825.5
2330.1706321651372,дом,792.6
2316.447601351444,место,926.6
2110.602139146043,большой,944.4
2088.645289844134,первый,1345.6
2011.7963172874508,тело,285.9
1992.58407414828,его,2577.9
1926.7135262425518,тот,2967.1
1918.479707754336,становиться,259.3
1863.5875844995621,площадь,145.2
1863.5875844995621,день,1258.4
1781.249399617402,церковь,178.6
1715.3788517116736,она,5592.4
1709.8896393861962,находиться,342.7
1633.0406668295136,мост,65.4
1633.0406668295136,все,433.3
1605.5946052021266,центр,265.9
1600.1053928766491,страна,725.7
1534.2348449709211,другой,1837.3
1490.321146367102,новый,1217.5
1487.5765402043635,мочь,0.8
1454.6412662514992,где,1129.2
1391.5153245085096,построить,114.9
1372.303081369339,век,1.5
1372.303081369339,два,1285.1
1355.8354443929068,часть,585.4
1306.4325334636108,парк,69.5
1287.22029032444,вид,620.1
1202.1374992795406,очень,1286.8
1202.1374992795406,улица,337.8
1196.6482869540637,остров,95.7
1193.9036807913249,главный,454.6
1188.4144684658474,архитектор,33.3
1177.4360438148926,располагать,28.3
1174.691437652154,такой,2696.8
1160.9684068384606,себя,2272.8
1119.7993143973806,старый,368.5
1056.673372654391,работа,1058.3
1051.1841603289135,называть,293.4
1048.439554166175,много,84.0
1042.9503418406975,собор,45.8
1020.993492538788,человек,2723.0
996.29203707414,проект,225.9
990.8028247486627,канал,71.5
971.590581609492,сторона,768.3
968.8459754467532,сад,135.8
952.3783384703212,театр,305.3
938.6553076566278,несколько,88.2
933.1660953311504,русский,530.5
913.9538521919796,название,151.8
911.2092460292412,м,3.9
911.2092460292412,получать,188.2
891.9970028900702,хороший,471.4
886.5077905645929,зал,206.3
883.7631844018542,памятник,63.8
881.0185782391154,территория,182.9
872.7847597508995,стиль,91.4
870.0401535881607,дорога,330.1
861.8063350999448,городской,122.4
848.0833042862514,уже,2179.2
848.0833042862514,вода,484.8
842.5940919607741,берег,164.7
839.8494857980354,билет,75.4
831.6156673098193,более,706.2
826.126454984342,император,31.6
817.892636496126,проходить,175.4
817.892636496126,фасад,14.7
806.9142118451712,история,443.9
804.1696056824326,мир,714.7
793.1911810314779,район,187.8
790.4465748687393,искусство,202.6
790.4465748687393,турист,27.0
787.7019687060007,туристический,11.9
784.9573625432619,стоять,419.3
776.723544055046,каждый,875.9
773.9789378923073,строительство,139.4
768.4897255668296,многий,340.9
765.7451194040912,река,131.0
760.2559070786137,представлять,228.5
757.5113009158749,создавать,114.1
746.5328762649202,пляж,25.4
735.5544516139656,второй,552.4
732.8098454512268,сам,1986.3
730.0652392884883,почти,501.7
721.8314208002722,храм,94.2
713.5976023120563,ресторан,79.3
710.8529961493175,украшать,17.2
691.6407530101468,высокий,483.3
691.6407530101468,начинать,296.0
680.6623283591921,известный,281.1
677.9177221964534,сан,4.3
677.9177221964534,случай,709.7
677.9177221964534,жизнь,1389.8
672.4285098709761,карта,103.0
669.6839037082374,конец,634.7
669.6839037082374,начало,361.4
664.1946913827602,открывать,85.7
664.1946913827602,современный,236.1
661.4500852200214,национальный,170.3
650.4716605690668,хорошо,485.7
636.7486297553733,стена,261.0
634.0040235926347,местный,193.3
634.0040235926347,кемпинг,0.5
623.0255989416797,находить,89.5
620.2809927789411,небольшой,196.6
620.2809927789411,отель,32.0
614.7917804534637,магазин,147.2
612.0471742907251,начинаться,115.1
606.5579619652477,их,1076.0
595.5795373142931,принимать,207.7
592.8349311515544,иметь,906.7
592.8349311515544,этаж,102.7
590.0903249888157,маршрут,34.2
590.0903249888157,три,596.7
587.345718826077,великий,276.3
579.111900337861,война,425.9
579.111900337861,северный,91.2
579.111900337861,занимать,112.7
576.3672941751222,квартал,33.1
573.6226880123837,кафе,37.1
565.3888695241676,столица,100.2
562.6442633614289,основной,334.1
562.6442633614289,работать,611.2
559.8996571986903,центральный,112.4
559.8996571986903,считаться,115.7
559.8996571986903,последний,712.6
557.1550510359516,располагаться,33.9
557.1550510359516,проспект,30.4
557.1550510359516,компания,392.7
554.4104448732129,оставаться,327.4
551.6658387104742,крепость,29.3
548.9212325477356,европейский,104.9
548.9212325477356,автобус,64.8
543.4320202222582,вход,65.2
543.4320202222582,крупный,217.3
537.9428078967809,российский,644.6
535.1982017340422,маленький,414.1
532.4535955713035,морской,83.5
532.4535955713035,путешествие,42.4
526.9643832458262,озеро,54.9
524.2197770830875,южный,62.5
518.7305647576101,римский,25.0
518.7305647576101,набережная,27.9
513.2413524321328,некоторый,410.9
510.49674626939407,имя,401.7
510.49674626939407,гора,115.5
507.75214010665536,должный,17.6
505.0075339439167,красный,240.5
505.0075339439167,двор,166.9
505.0075339439167,сегодня,463.5
502.26292778117806,поэтому,421.3
502.26292778117806,раз,5.1
499.5183216184394,восточный,64.4
499.5183216184394,виза,15.7
496.7737154557007,путь,357.3
496.7737154557007,составлять,175.0
494.02910929296206,штат,61.3
494.02910929296206,поезд,93.3
491.2845031302234,ворота,59.2
491.2845031302234,кто,1374.8
491.2845031302234,являться,522.9
488.53989696748476,архитектура,34.3
485.795290804746,помещение,91.9
485.795290804746,любой,408.8
485.795290804746,голландский,10.3
483.0506846420073,настоящий,374.0
483.0506846420073,там,1128.1
483.0506846420073,амстердамский,0.5
480.30607847926865,юг,39.5
477.56147231652994,знаменитый,129.4
477.56147231652994,монастырь,54.2
477.56147231652994,часто,257.8
474.8168661537912,огромный,272.1
474.8168661537912,вокзал,51.0
472.07225999105265,давать,370.7
472.07225999105265,архитектурный,21.1
472.07225999105265,всегда,611.9
469.3276538283139,система,617.8
469.3276538283139,сохраняться,25.6
469.3276538283139,каменный,55.5
469.3276538283139,художник,142.2
469.3276538283139,транспорт,57.4
469.3276538283139,бывший,191.5
463.83844150283653,море,159.5
463.83844150283653,венгерский,6.9
463.83844150283653,кухня,120.1
461.0938353400979,дело,1412.1
458.3492291773592,восток,78.5
455.60462301462053,пора,71.0
455.60462301462053,какой,1091.7
452.86001685188177,устанавливать,34.8
450.11541068914323,линия,143.7
447.37080452640447,интерьер,22.4
447.37080452640447,постройка,23.5
444.6261983636658,жить,725.5
444.6261983636658,интересный,171.9
441.8815922009271,государственный,391.3
439.13698603818847,отдых,57.6
439.13698603818847,предлагать,145.9
439.13698603818847,башня,39.4
436.39237987544976,рядом,291.8
436.39237987544976,внутренний,216.1
433.6477737127111,особенно,300.3
433.6477737127111,существовать,260.9
430.9031675499724,входить,157.9
430.9031675499724,западный,120.2
430.9031675499724,ваш,547.5
428.15856138723376,исторический,130.4
428.15856138723376,деревянный,75.6
428.15856138723376,час,468.1
425.41395522449517,запад,88.9
425.41395522449517,граница,153.7
422.66934906175635,аэропорт,37.2
422.66934906175635,золотой,123.5
419.9247428990177,стоить,501.9
419.9247428990177,прогулка,29.6
417.18013673627917,ансамбль,21.7
414.43553057354035,житель,94.9
414.43553057354035,правило,258.8
411.6909244108017,рынок,283.3
408.946318248063,увидеть,452.4
408.946318248063,обычно,166.7
408.946318248063,летний,93.2
408.946318248063,стоимость,98.1
406.20171208532435,число,393.5
406.20171208532435,затем,241.3
406.20171208532435,метро,48.9
406.20171208532435,появляться,118.4
403.4571059225856,язык,324.9
403.4571059225856,друг,874.2
400.7124997598469,порт,33.5
400.7124997598469,скульптура,17.7
400.7124997598469,экскурсия,15.8
400.7124997598469,земля,494.4
400.7124997598469,невский,11.6
397.9678935971083,проводить,167.6
397.9678935971083,попадать,54.1
397.9678935971083,сайт,33.8
395.22328743436964,прекрасный,148.4
395.22328743436964,власть,435.6
395.22328743436964,особый,224.3
392.4786812716309,метр,115.2
389.7340751088922,культура,230.2
389.7340751088922,колонна,41.6
389.7340751088922,высота,101.9
389.7340751088922,белый,339.6
389.7340751088922,приходиться,174.5
386.98946894615364,посещать,27.1
386.98946894615364,важный,277.0
384.2448627834148,императрица,9.7
384.2448627834148,идти,957.1
384.2448627834148,право,7.6
381.50025662067617,картина,183.9
378.75565045793746,выходить,201.6
378.75565045793746,евро,18.0
378.75565045793746,святой,115.8
376.0110442951989,сделать,743.5
376.0110442951989,сейчас,897.3
376.0110442951989,тогда,835.6
376.0110442951989,сооружение,35.3
373.26643813246017,старинный,49.1
373.26643813246017,север,47.0
373.26643813246017,округ,67.6
370.5218319697215,вариант,154.1
370.5218319697215,итальянский,40.9
367.7772258069828,я,12684.4
367.7772258069828,блюдо,31.3
365.03261964424416,внимание,286.0
365.03261964424416,побережье,14.7
365.03261964424416,скидка,13.9
365.03261964424416,вдоль,4.1
362.2880134815055,разный,352.6
362.2880134815055,музыка,175.7
362.2880134815055,галерея,23.2
359.5434073187668,возникать,138.4
359.5434073187668,вокруг,72.7
359.5434073187668,план,235.3
356.79880115602816,популярный,49.7
356.79880115602816,коллекция,37.9
356.79880115602816,приобретать,40.1
354.0541949932894,комплекс,136.3
351.30958883055075,народ,385.6
351.30958883055075,говорить,1755.0
351.30958883055075,мало,135.8
348.5649826678121,вести,280.3
348.5649826678121,прямо,118.0
348.5649826678121,поездка,69.8
345.8203765050734,решать,96.5
345.8203765050734,возводить,8.1
343.07577034233475,деньги,512.4
343.07577034233475,следовать,305.1
343.07577034233475,устраивать,57.4
340.33116417959604,красивый,177.2
340.33116417959604,форма,347.8
340.33116417959604,номер,201.2
340.33116417959604,период,204.2
337.5865580168574,цена,236.1
337.5865580168574,образ,445.9
337.5865580168574,выполнять,92.3
337.5865580168574,тут,879.2
337.5865580168574,слово,967.9
334.8419518541187,окно,280.8
334.8419518541187,происходить,263.6
334.8419518541187,купол,17.2
334.8419518541187,произведение,88.9
334.8419518541187,использовать,249.6
332.0973456913801,открываться,40.4
332.0973456913801,различный,205.5
332.0973456913801,довольно,180.2
329.35273952864134,международный,198.2
329.35273952864134,группа,372.8
329.35273952864134,лес,211.5
329.35273952864134,богатый,85.0
329.35273952864134,нет,874.0
329.35273952864134,комната,310.7
329.35273952864134,праздник,115.0
329.35273952864134,специальный,156.8
326.6081333659027,отправляться,29.6
326.6081333659027,четыре,232.7
321.1189210404253,зона,116.4
321.1189210404253,сюда,146.1
321.1189210404253,общий,492.4
318.37431487768663,князь,86.0
318.37431487768663,станция,103.0
318.37431487768663,позволять,194.3
318.37431487768663,оказываться,155.1
315.62970871494787,называться,135.3
315.62970871494787,большинство,176.1
315.62970871494787,напоминать,106.2
315.62970871494787,август,91.0
315.62970871494787,корпус,62.1
312.88510255220933,парадный,16.5
310.14049638947057,болгарский,8.8
310.14049638947057,дерево,171.9
310.14049638947057,возможность,407.5
310.14049638947057,ежедневно,27.5
310.14049638947057,наш,1731.8
310.14049638947057,замок,60.8
307.39589022673186,октябрь,92.2
307.39589022673186,достопримечательность,6.1
307.39589022673186,количество,206.7
307.39589022673186,мировой,182.3
304.65128406399316,арка,12.9
304.65128406399316,соединять,16.6
304.65128406399316,примерно,107.8
304.65128406399316,информация,269.2
304.65128406399316,петербургский,26.0
304.65128406399316,единственный,202.2
304.65128406399316,немецкий,123.6
301.90667790125457,середина,88.2
301.90667790125457,академия,70.3
301.90667790125457,общественный,168.1
301.90667790125457,военный,278.7
299.1620717385158,целый,222.5
299.1620717385158,народный,130.3
299.1620717385158,выставка,89.9
299.1620717385158,бар,26.0
299.1620717385158,основывать,1.4
296.4174655757772,сей,198.6
296.4174655757772,средство,363.9
296.4174655757772,служить,140.3
296.4174655757772,пункт,144.0
296.4174655757772,лето,135.0
296.4174655757772,горный,54.3
293.6728594130385,торговый,57.8
293.6728594130385,государство,326.4
293.6728594130385,папа,143.4
293.6728594130385,движение,244.7
290.9282532502998,подобный,301.6
288.1836470875612,английский,108.4
288.1836470875612,алтайский,5.3
288.1836470875612,посвящать,7.9
288.1836470875612,добираться,12.0
288.1836470875612,участок,144.2
285.4390409248225,помощь,300.1
285.4390409248225,семья,276.6
285.4390409248225,течение,179.2
285.4390409248225,апрель,86.2
285.4390409248225,сентябрь,92.1
285.4390409248225,императорский,11.1
285.4390409248225,эпоха,89.0
282.6944347620838,связывать,33.5
282.6944347620838,любитель,33.9
282.6944347620838,заведение,39.6
282.6944347620838,достаточно,204.7
279.94982859934515,малый,150.2
279.94982859934515,купить,192.7
279.94982859934515,обязательно,120.2
279.94982859934515,михайловский,2.8
277.20522243660645,принадлежать,113.5
277.20522243660645,услуга,138.3
277.20522243660645,собрание,109.9
277.20522243660645,предмет,154.4
277.20522243660645,э,19.4
277.20522243660645,рука,1200.6
274.4606162738678,гостиница,68.9
274.4606162738678,царь,74.7
274.4606162738678,сразу,486.0
274.4606162738678,жилой,37.8
274.4606162738678,январь,91.9
271.7160101111291,корабль,112.5
271.7160101111291,вечер,335.4
271.7160101111291,включать,75.4
271.7160101111291,книга,413.9
271.7160101111291,теперь,871.8
271.7160101111291,городок,36.3
268.97140394839045,лестница,83.1
268.97140394839045,тысяча,416.0
268.97140394839045,код,19.0
266.2267977856517,месяц,328.0
266.2267977856517,взять,525.8
266.2267977856517,полный,390.6
266.2267977856517,май,97.0
263.4821916229131,закрывать,36.4
263.4821916229131,ночь,402.8
263.4821916229131,множество,113.3
260.7375854601744,совершенно,280.3
260.7375854601744,простой,275.3
260.7375854601744,честь,84.4
260.7375854601744,дворцовый,6.4
260.7375854601744,средний,177.3
260.7375854601744,вещь,242.5
260.7375854601744,документ,226.8
260.7375854601744,культурный,72.8
257.99297929743574,оставлять,81.4
257.99297929743574,король,56.1
257.99297929743574,школа,316.0
257.99297929743574,поздно,92.5
257.99297929743574,верхний,83.9
255.24837313469703,автор,262.1
255.24837313469703,бесплатный,26.3
255.24837313469703,бассейн,33.4
255.24837313469703,открытый,134.4
255.24837313469703,условие,368.1
255.24837313469703,глава,240.2
255.24837313469703,зимний,48.2
255.24837313469703,традиция,93.1
255.24837313469703,республика,127.4
255.24837313469703,рейс,22.0
255.24837313469703,бразильский,4.8
252.50376697195838,март,88.1
252.50376697195838,состоять,139.9
252.50376697195838,офис,34.1
252.50376697195838,наиболее,167.2
252.50376697195838,далеко,165.5
249.7591608092197,камень,131.9
249.7591608092197,площадка,70.6
249.7591608092197,свет,359.7
249.7591608092197,заранее,63.0
249.7591608092197,относиться,191.6
249.7591608092197,смочь,255.1
249.7591608092197,многочисленный,62.3
249.7591608092197,империя,37.7
249.7591608092197,резиденция,10.7
249.7591608092197,программа,282.6
249.7591608092197,делать,701.1
247.01455464648103,мастер,100.8
247.01455464648103,символ,46.4
247.01455464648103,трасса,32.5
247.01455464648103,уровень,348.5
247.01455464648103,посетитель,36.2
244.26994848374238,официальный,96.4
244.26994848374238,оно,394.7
244.26994848374238,смерть,284.1
244.26994848374238,выбирать,65.2
244.26994848374238,кредитный,29.5
241.52534232100362,качество,331.7
241.52534232100362,угол,168.1
241.52534232100362,узнавать,88.2
241.52534232100362,курорт,12.8
241.52534232100362,лицо,878.0
241.52534232100362,превращаться,42.7
241.52534232100362,статуя,16.1
241.52534232100362,автомобиль,156.9
238.78073615826497,вполне,229.8
238.78073615826497,живописный,13.3
238.78073615826497,знать,1.3
238.78073615826497,нужно,353.7
238.78073615826497,фигура,97.5
238.78073615826497,гость,192.7
238.78073615826497,московский,257.3
236.03612999552632,любить,503.1
236.03612999552632,павильон,15.1
236.03612999552632,рюкзак,17.2
236.03612999552632,особняк,17.5
236.03612999552632,художественный,88.1
236.03612999552632,точка,232.2
236.03612999552632,тоже,841.5
236.03612999552632,великолепный,34.2
233.2915238327876,направление,179.2
233.2915238327876,облик,33.8
233.2915238327876,телефонный,53.3
233.2915238327876,украшение,19.6
233.2915238327876,интернет,41.4
233.2915238327876,удаваться,54.3
230.5469176700489,мойка,5.9
230.5469176700489,наличие,93.9
230.5469176700489,следующий,301.4
227.80231150731026,собственный,338.3
227.80231150731026,музыкальный,65.9
227.80231150731026,мы,4704.8
227.80231150731026,французский,101.5
227.80231150731026,размещаться,11.7
227.80231150731026,свободный,149.0
227.80231150731026,дорогой,197.7
227.80231150731026,барокко,0.8
227.80231150731026,весьма,158.8
227.80231150731026,выбор,122.0
225.05770534457162,событие,206.5
225.05770534457162,изображение,52.7
225.05770534457162,необходимый,203.7
225.05770534457162,результат,403.1
225.05770534457162,железный,98.3
225.05770534457162,очередь,212.5
222.3130991818329,решение,453.4
222.3130991818329,помогать,134.5
222.3130991818329,приходить,218.2
222.3130991818329,собираться,192.6
222.3130991818329,одежда,93.7
222.3130991818329,еврейский,51.2
222.3130991818329,надо,993.2
222.3130991818329,ноябрь,70.1
219.56849301909423,бывать,297.3
219.56849301909423,замечательный,87.4
219.56849301909423,создание,206.1
219.56849301909423,широкий,183.9
216.82388685635559,июль,77.0
216.82388685635559,сын,285.1
216.82388685635559,декабрь,92.7
216.82388685635559,царский,35.0
216.82388685635559,сохранять,40.4
214.07928069361688,сооружать,2.5
214.07928069361688,данный,241.1
214.07928069361688,войско,119.4
214.07928069361688,уникальный,49.9
214.07928069361688,состояться,103.1
214.07928069361688,размер,189.3
214.07928069361688,рыба,86.0
214.07928069361688,вино,80.9
214.07928069361688,образец,82.1
214.07928069361688,путешествовать,13.2
211.33467453087817,обращать,56.6
211.33467453087817,хотеть,991.3
211.33467453087817,нижний,83.4
211.33467453087817,указ,42.7
211.33467453087817,июнь,84.0
211.33467453087817,сцена,177.2
211.33467453087817,въезд,9.4
211.33467453087817,концерт,90.2
211.33467453087817,клуб,103.0
211.33467453087817,момент,306.8
208.59006836813958,трамвай,28.1
208.59006836813958,роскошный,27.3
208.59006836813958,рано,144.1
208.59006836813958,изображать,34.2
208.59006836813958,список,97.2
208.59006836813958,население,176.5
208.59006836813958,половина,158.8
208.59006836813958,театральный,60.6
208.59006836813958,ряд,238.0
205.84546220540085,регион,160.3
205.84546220540085,окружать,32.2
205.84546220540085,необходимо,149.0
205.84546220540085,водопад,7.3
205.84546220540085,экспозиция,16.7
205.84546220540085,меню,11.4
205.84546220540085,мебель,48.2
205.84546220540085,храниться,32.0
205.84546220540085,лодка,62.9
205.84546220540085,палатка,29.1
205.84546220540085,фонтан,18.4
203.10085604266212,столетие,38.1
203.10085604266212,всего,5.0
203.10085604266212,возрождение,26.4
203.10085604266212,отделка,10.1
203.10085604266212,лежать,318.1
203.10085604266212,водитель,65.9
200.35624987992347,продаваться,25.8
200.35624987992347,библиотека,57.7
200.35624987992347,птица,94.5
200.35624987992347,путешественник,18.0
200.35624987992347,служба,218.1
200.35624987992347,традиционный,74.1
200.35624987992347,предел,118.0
200.35624987992347,транспортный,56.8
200.35624987992347,касаться,154.7
200.35624987992347,вообще,417.6
200.35624987992347,готовый,248.5
200.35624987992347,солнечный,55.2
200.35624987992347,узкий,88.3
200.35624987992347,открытие,80.2
200.35624987992347,древний,87.6
197.61164371718482,рабочий,138.0
197.61164371718482,связанный,113.2
197.61164371718482,дух,153.5
197.61164371718482,заниматься,240.8
197.61164371718482,иногда,249.8
197.61164371718482,край,194.0
197.61164371718482,остановка,40.3
197.61164371718482,длина,67.7
194.8670375544461,отсюда,85.0
194.8670375544461,холм,32.7
194.8670375544461,зима,106.0
194.8670375544461,цвет,163.6
194.8670375544461,отделение,90.2
194.8670375544461,колокольня,7.8
194.8670375544461,дополнительный,93.1
194.8670375544461,легенда,36.3
194.8670375544461,чело,7.3
194.8670375544461,село,57.0
194.8670375544461,сказать,2396.6
192.1224313917074,собирать,75.1
192.1224313917074,долина,18.9
192.1224313917074,фреска,5.4
192.1224313917074,посещение,23.5
192.1224313917074,связь,346.1
192.1224313917074,крыша,85.0
192.1224313917074,совет,245.5
192.1224313917074,область,400.2
192.1224313917074,приниматься,37.3
192.1224313917074,сумма,130.6
192.1224313917074,частный,108.7
192.1224313917074,способ,164.2
189.37782522896882,молодой,400.0
189.37782522896882,вместе,414.3
189.37782522896882,нибудь,5.9
189.37782522896882,передавать,49.3
189.37782522896882,похожий,206.5
189.37782522896882,почтовый,22.5
189.37782522896882,домик,39.8
189.37782522896882,вскоре,110.5
189.37782522896882,сеть,105.5
189.37782522896882,третий,274.7
189.37782522896882,идея,250.8
189.37782522896882,пример,201.2
189.37782522896882,разнообразный,37.6
189.37782522896882,туризм,8.9
186.63321906623008,машина,490.4
186.63321906623008,оба,258.1
186.63321906623008,переходить,52.6
186.63321906623008,цветок,92.4
186.63321906623008,дверь,450.8
186.63321906623008,неделя,242.2
186.63321906623008,отмечать,56.0
186.63321906623008,практически,149.4
183.8886129034914,подниматься,75.9
183.8886129034914,ночной,84.7
183.8886129034914,основа,231.0
183.8886129034914,прежде,87.1
183.8886129034914,победа,124.0
183.8886129034914,состав,209.8
183.8886129034914,путеводитель,3.6
183.8886129034914,капелла,3.1
183.8886129034914,еда,56.9
181.14400674075276,пока,213.4
181.14400674075276,долгий,135.5
181.14400674075276,действовать,153.5
181.14400674075276,королевский,20.7
181.14400674075276,останавливаться,44.4
181.14400674075276,менее,192.9
181.14400674075276,выдающийся,34.6
181.14400674075276,советский,382.9
181.14400674075276,левый,117.2
181.14400674075276,купальня,1.0
181.14400674075276,организовывать,20.3
181.14400674075276,немного,151.9
181.14400674075276,поставлять,14.9
181.14400674075276,горожанин,16.4
181.14400674075276,быстро,255.7
178.39940057801402,считать,455.3
178.39940057801402,автобусный,7.3
178.39940057801402,любимый,120.4
178.39940057801402,отличаться,98.9
178.39940057801402,мина,42.2
178.39940057801402,совершать,44.2
178.39940057801402,ныне,55.6
178.39940057801402,вопрос,805.8
175.65479441527538,совсем,460.5
175.65479441527538,средневековый,20.5
175.65479441527538,голова,709.4
175.65479441527538,лев,64.3
175.65479441527538,заказывать,14.5
175.65479441527538,покупка,41.7
175.65479441527538,проводиться,63.7
175.65479441527538,подходить,116.9
175.65479441527538,предоставлять,32.5
175.65479441527538,проезд,15.7
175.65479441527538,размещать,6.8
172.9101882525367,основание,158.8
172.9101882525367,далее,229.6
172.9101882525367,отношение,557.4
172.9101882525367,рассказывать,230.0
172.9101882525367,гражданин,199.4
172.9101882525367,завершать,10.5
172.9101882525367,забывать,65.4
172.9101882525367,строить,82.2
172.9101882525367,прибытие,12.1
172.9101882525367,скульптурный,4.2
172.9101882525367,привлекать,38.7
172.9101882525367,ограда,18.7
172.9101882525367,авиакомпания,10.9
172.9101882525367,телефон,167.8
172.9101882525367,сила,645.8
172.9101882525367,точно,161.7
172.9101882525367,перестраивать,2.5
170.16558208979802,классический,58.2
170.16558208979802,представление,142.2
170.16558208979802,торжественный,30.7
170.16558208979802,тип,197.0
170.16558208979802,род,165.5
170.16558208979802,выглядеть,141.7
170.16558208979802,александровский,3.0
170.16558208979802,поле,180.2
170.16558208979802,автовокзал,1.0
170.16558208979802,пользоваться,120.1
170.16558208979802,член,207.4
170.16558208979802,круглый,71.9
167.42097592705937,деревня,125.1
167.42097592705937,пять,284.3
167.42097592705937,брать,226.3
167.42097592705937,удивительный,71.5
167.42097592705937,развлечение,18.1
167.42097592705937,обращаться,98.6
167.42097592705937,обходиться,22.4
167.42097592705937,материал,242.4
167.42097592705937,выставлять,12.3
167.42097592705937,отличный,50.7
167.42097592705937,близкий,206.8
167.42097592705937,недалеко,29.2
167.42097592705937,ходить,296.6
167.42097592705937,роль,297.9
164.67636976432067,действительно,268.6
164.67636976432067,срок,219.7
164.67636976432067,водный,38.3
164.67636976432067,проблема,474.9
164.67636976432067,впечатление,112.3
164.67636976432067,природа,169.9
164.67636976432067,еврей,84.1
164.67636976432067,скоро,167.3
164.67636976432067,оформление,30.9
164.67636976432067,правый,210.4
161.931763601582,скульптор,13.4
161.931763601582,обширный,24.2
161.931763601582,синагога,5.5
161.931763601582,лавка,26.2
161.931763601582,туда,191.7
161.931763601582,адрес,92.7
161.931763601582,армия,186.4
161.931763601582,куда,355.4
161.931763601582,самостоятельный,45.6
161.931763601582,отдельный,177.5
161.931763601582,память,174.5
161.931763601582,ширина,25.0
161.931763601582,главное,100.7
161.931763601582,редкий,90.2
161.931763601582,полностью,127.0
161.931763601582,цель,315.5
159.18715743884331,причина,237.2
159.18715743884331,песок,55.3
159.18715743884331,железнодорожный,34.9
159.18715743884331,живопись,25.8
159.18715743884331,соседний,66.4
159.18715743884331,религиозный,59.4
159.18715743884331,крепостной,10.3
159.18715743884331,мера,284.3
159.18715743884331,встречаться,106.8
156.4425512761046,бюро,30.4
156.4425512761046,граф,37.1
156.4425512761046,всякий,373.2
156.4425512761046,приводить,97.8
156.4425512761046,выступать,138.8
156.4425512761046,герой,184.0
156.4425512761046,португальский,2.6
156.4425512761046,тур,25.9
156.4425512761046,турецкий,18.6
156.4425512761046,убранство,3.2
156.4425512761046,больший,128.9
156.4425512761046,улочка,8.8
156.4425512761046,яркий,93.9
156.4425512761046,никакой,383.7
156.4425512761046,нынешний,132.3
153.69794511336596,оформлять,9.7
153.69794511336596,передвижение,13.2
153.69794511336596,пребывание,34.9
153.69794511336596,уходить,192.7
153.69794511336596,источник,123.7
153.69794511336596,небо,187.6
153.69794511336596,наука,239.0
153.69794511336596,престол,12.9
153.69794511336596,строиться,38.2
153.69794511336596,потом,1006.1
153.69794511336596,модерн,5.5
153.69794511336596,владелец,63.2
153.69794511336596,бронирование,1.1
153.69794511336596,сезон,69.2
153.69794511336596,политический,269.6
153.69794511336596,удобный,56.4
150.95333895062728,посольство,31.8
150.95333895062728,поход,34.7
150.95333895062728,хозяин,170.6
150.95333895062728,пещера,20.3
150.95333895062728,фотография,97.2
150.95333895062728,кофе,61.6
150.95333895062728,участник,144.2
150.95333895062728,слава,120.2
150.95333895062728,личный,149.2
150.95333895062728,детский,161.8
150.95333895062728,женщина,533.3
150.95333895062728,образовывать,34.8
150.95333895062728,заменять,16.2
148.2087327878886,президент,311.0
148.2087327878886,возможный,179.1
148.2087327878886,композиция,26.8
148.2087327878886,чуть,248.3
148.2087327878886,остальной,102.2
148.2087327878886,ехать,198.2
148.2087327878886,использоваться,79.0
148.2087327878886,продавать,56.3
148.2087327878886,закладывать,6.8
148.2087327878886,орден,42.2
148.2087327878886,вызывать,142.4
148.2087327878886,растение,94.4
148.2087327878886,носить,115.3
145.4641266251499,рассчитать,38.1
145.4641266251499,ничто,902.8
145.4641266251499,монумент,4.7
145.4641266251499,гранитный,6.5
145.4641266251499,адмиралтейство,2.8
145.4641266251499,металлический,42.4
145.4641266251499,проживание,15.3
142.71952046241125,модный,36.9
142.71952046241125,класс,185.8
142.71952046241125,млн,106.5
142.71952046241125,требовать,190.9
142.71952046241125,порядок,307.6
142.71952046241125,означать,97.0
142.71952046241125,вернуться,311.2
142.71952046241125,свобода,174.9
142.71952046241125,покрывать,15.5
142.71952046241125,смысл,294.6
142.71952046241125,любопытный,29.5
142.71952046241125,элемент,124.4
142.71952046241125,бал,14.7
142.71952046241125,лист,127.6
142.71952046241125,сеньор,2.1
142.71952046241125,организация,312.4
142.71952046241125,сервис,14.6
142.71952046241125,напиток,30.2
142.71952046241125,фронтон,1.6
142.71952046241125,постоянный,108.4
142.71952046241125,пассажир,47.4
142.71952046241125,жилье,61.1
142.71952046241125,икона,36.2
142.71952046241125,потому,769.3
142.71952046241125,животное,95.9
142.71952046241125,горячий,98.0
139.97491429967258,полиция,38.2
139.97491429967258,уютный,21.3
139.97491429967258,исключение,78.3
139.97491429967258,возвышаться,11.5
139.97491429967258,археологический,3.5
139.97491429967258,февраль,69.7
139.97491429967258,революция,102.9
139.97491429967258,товар,115.5
139.97491429967258,запрещать,18.3
139.97491429967258,представитель,185.7
139.97491429967258,сильный,220.5
139.97491429967258,развитие,372.6
139.97491429967258,придавать,37.1
139.97491429967258,красота,94.7
139.97491429967258,завод,164.0
139.97491429967258,полагать,81.4
139.97491429967258,чудесный,31.4
139.97491429967258,кабинет,148.5
139.97491429967258,декоративный,16.3
139.97491429967258,велосипед,23.1
139.97491429967258,студент,105.4
139.97491429967258,пиво,60.3
139.97491429967258,мраморный,13.2
139.97491429967258,пара,152.7
139.97491429967258,внешний,140.3
139.97491429967258,требоваться,75.5
139.97491429967258,отечественный,104.3
